<?xml version="1.0" encoding="UTF-8"?>
<project-private xmlns="http://www.netbeans.org/ns/project-private/1">
    <editor-bookmarks xmlns="http://www.netbeans.org/ns/editor-bookmarks/2" lastBookmarkId="0"/>
    <open-files xmlns="http://www.netbeans.org/ns/projectui-open-files/2">
        <group>
            <file>file:/C:/Users/Ratul/Documents/NetBeansProjects/GlobalDoctor/test/globaldoctor/LoginPage.java</file>
            <file>file:/C:/Users/Ratul/Documents/NetBeansProjects/GlobalDoctor/test/globaldoctor/PatientProfile.java</file>
            <file>file:/C:/Users/Ratul/Documents/NetBeansProjects/GlobalDoctor/test/globaldoctor/GetStarted.java</file>
            <file>file:/C:/Users/Ratul/Documents/NetBeansProjects/GlobalDoctor/test/globaldoctor/PatientDashboard.java</file>
            <file>file:/C:/Users/Ratul/Documents/NetBeansProjects/GlobalDoctor/test/globaldoctor/OnlineCounselling.java</file>
            <file>file:/C:/Users/Ratul/Documents/NetBeansProjects/GlobalDoctor/test/globaldoctor/Welcome.java</file>
            <file>file:/C:/Users/Ratul/Documents/NetBeansProjects/GlobalDoctor/test/globaldoctor/Registration.java</file>
            <file>file:/C:/Users/Ratul/Documents/NetBeansProjects/GlobalDoctor/test/globaldoctor/DoctorsModule.java</file>
            <file>file:/C:/Users/Ratul/Documents/NetBeansProjects/GlobalDoctor/test/globaldoctor/ProfileEntry.java</file>
            <file>file:/C:/Users/Ratul/Documents/NetBeansProjects/GlobalDoctor/test/globaldoctor/GlobalDoctor.java</file>
            <file>file:/C:/Users/Ratul/Documents/NetBeansProjects/GlobalDoctor/test/globaldoctor/PatientsModule.java</file>
            <file>file:/C:/Users/Ratul/Documents/NetBeansProjects/GlobalDoctor/test/globaldoctor/Profile.java</file>
            <file>file:/C:/Users/Ratul/Documents/NetBeansProjects/GlobalDoctor/test/globaldoctor/EmargencyMetting.java</file>
            <file>file:/C:/Users/Ratul/Documents/NetBeansProjects/GlobalDoctor/test/globaldoctor/Dashboard.java</file>
        </group>
    </open-files>
</project-private>
